prior,prob
s1,0.284528467
s2,0.270969661
s3,0.252725188
s4,0.191776683
