state,s1,s2,s3,s4
s1,0.8,0.15999,0.04,0.00001
s2,0.15,0.75,0.07,0.03
s3,0.00001,0.07999,0.65,0.27
s4,0.00001,0.05,0.44999,0.5
