state,s1,s2,s3,s4
s1,0.850229492464,0.0740723632576,0.037181231871,0.038516912407
s2,0.0370891557967,0.850718405877,0.0742821117807,0.0379103265455
s3,0.0582185376094,0.0588159015244,0.758032092463,0.124933468403
s4,0.0801933363867,0.0400007848709,0.0423157392396,0.837490139503
